time,resolution,taxa,connectance,mean_degree,diameter,mean_tl,max_tl,SOI,generality,vulnerability,mean_btw,s1,s2,s4,s5
1,species,91,0.138872117,0.14041514,4,2.320587399,3.547448476,2.79015557,0.22029732,0.09870932,0.00046645,0.249849052,0.441613332,2.014249487,0.550295858
2,species,38,0.29432133,0.30227596,3,2.936228539,4.679286988,4.331873315,0.26643408,0.14076726,0.003200569,0.859418283,0.792936288,0.671052632,0.083102493
3,species,63,0.299319728,0.304147465,3,3.149143681,4.935794896,9.8376862,0.25483899,0.17467505,0.001091217,1.133282943,1.702695893,0.75409423,0.109347443
4,species,80,0.12796875,0.129588608,3,2.54340635,4.129264577,6.219218115,0.16386211,0.09014492,0.001959591,0.34890625,0.3253125,0.894375,0.32171875
1,guild,48,0.127604167,0.130319149,4,2.274889538,3.283968686,1.376199799,0.19709735,0.10575869,0.001031,0.34890625,0.3253125,0.894375,0.32171875
2,guild,21,0.188208617,0.197619,3,2.320821595,3.510221,1.034858198,0.23530628,0.14184163,0.004637,0.26984127,0.206349206,0.376417234,0.176870748
3,guild,29,0.145065398,0.150246,3,2.268359172,3.506081,0.993206293,0.20256629,0.14137603,0.00187,0.210463734,0.195005945,0.423305589,0.247324614
4,guild,45,0.144691358,0.14798,3,2.37362523,3.660231,1.919400779,0.18969398,0.10949287,0.002748,0.245925926,0.233580247,0.702222222,0.329876543
